Major,Grade,Result,MajorGroup
cdt,8.21,Pass,Non-IT
cdt,9.25,Pass,Non-IT
cdt,8.5,Pass,Non-IT
cdt,3.9,Fail,Non-IT
cdt,7.5,Pass,Non-IT
cdt,7.25,Pass,Non-IT
cdt,7.06,Pass,Non-IT
cdt,7.83,Pass,Non-IT
cdt,6.4,Pass,Non-IT
cdt,6.23,Pass,Non-IT
cdt,7.25,Pass,Non-IT
cdt,7.27,Pass,Non-IT
cdt,5.48,Pass,Non-IT
cdt,4.83,Fail,Non-IT
cdt,5.58,Pass,Non-IT
cdt,3.73,Fail,Non-IT
cdt,5.65,Pass,Non-IT
cdt,8.58,Pass,Non-IT
cdt,4.5,Fail,Non-IT
cdt,9.33,Pass,Non-IT
cdt,7.02,Pass,Non-IT
cdt,8.5,Pass,Non-IT
cdt,4.79,Fail,Non-IT
cdt,5.88,Pass,Non-IT
cdt,5.75,Pass,Non-IT
cdt,3.46,Fail,Non-IT
cdt,7.33,Pass,Non-IT
cdt,5.5,Pass,Non-IT
cdt,3.96,Fail,Non-IT
cdt,7.25,Pass,Non-IT
cdt,10.0,Pass,Non-IT
cdt,7.25,Pass,Non-IT
cdt,7.17,Pass,Non-IT
cdt,4.08,Fail,Non-IT
cdt,5.21,Pass,Non-IT
cdt,7.06,Pass,Non-IT
cdt,7.73,Pass,Non-IT
cdt,8.31,Pass,Non-IT
cdt,7.56,Pass,Non-IT
cdt,7.08,Pass,Non-IT
cdt,4.9,Fail,Non-IT
cdt,3.83,Fail,Non-IT
cdt,6.06,Pass,Non-IT
cdt,8.08,Pass,Non-IT
cdt,7.0,Pass,Non-IT
cdt,6.83,Pass,Non-IT
cdt,7.5,Pass,Non-IT
cdt,4.58,Fail,Non-IT
cdt,8.58,Pass,Non-IT
cnot,6.83,Pass,Non-IT
cdt,5.75,Pass,Non-IT
cdt,4.71,Fail,Non-IT
cdt,4.56,Fail,Non-IT
cdt,2.96,Fail,Non-IT
cdt,5.06,Pass,Non-IT
cdt,3.25,Fail,Non-IT
cdt,7.08,Pass,Non-IT
cdt,7.5,Pass,Non-IT
cdt,4.67,Fail,Non-IT
cdt,3.06,Fail,Non-IT
cdt,6.65,Pass,Non-IT
cdt,2.79,Fail,Non-IT
cdt,9.5,Pass,Non-IT
cdt,5.81,Pass,Non-IT
cdt,4.5,Fail,Non-IT
khhh,7.5,Pass,Non-IT
khhh,8.92,Pass,Non-IT
khhh,5.5,Pass,Non-IT
khhh,7.75,Pass,Non-IT
ckdl,4.92,Fail,Non-IT
khhh,5.79,Pass,Non-IT
khhh,7.0,Pass,Non-IT
khhh,6.52,Pass,Non-IT
khhh,5.96,Pass,Non-IT
khhh,7.83,Pass,Non-IT
ckdl,5.96,Pass,Non-IT
khhh,7.83,Pass,Non-IT
khhh,6.71,Pass,Non-IT
khhh,6.88,Pass,Non-IT
ckdl,4.96,Fail,Non-IT
khhh,8.25,Pass,Non-IT
ckdl,5.85,Pass,Non-IT
khhh,7.21,Pass,Non-IT
ckdl,5.25,Pass,Non-IT
khhh,7.13,Pass,Non-IT
khhh,7.13,Pass,Non-IT
khhh,7.5,Pass,Non-IT
ctm,4.1,Fail,Non-IT
khhh,6.79,Pass,Non-IT
khhh,6.88,Pass,Non-IT
khhh,6.92,Pass,Non-IT
khhh,5.13,Pass,Non-IT
khhh,6.23,Pass,Non-IT
khhh,5.67,Pass,Non-IT
khhh,6.06,Pass,Non-IT
khhh,7.54,Pass,Non-IT
khhh,5.25,Pass,Non-IT
khhh,8.19,Pass,Non-IT
khhh,6.67,Pass,Non-IT
khhh,8.27,Pass,Non-IT
khhh,7.13,Pass,Non-IT
khhh,6.83,Pass,Non-IT
khhh,7.33,Pass,Non-IT
khhh,7.48,Pass,Non-IT
ckdl,8.38,Pass,Non-IT
khhh,8.25,Pass,Non-IT
khhh,6.48,Pass,Non-IT
khhh,7.96,Pass,Non-IT
khhh,4.96,Fail,Non-IT
khhh,7.25,Pass,Non-IT
ckdl,7.5,Pass,Non-IT
khhh,6.04,Pass,Non-IT
ckdl,6.94,Pass,Non-IT
ckdl,4.94,Fail,Non-IT
khhh,7.5,Pass,Non-IT
ckdl,5.29,Pass,Non-IT
ckdl,3.38,Fail,Non-IT
khhh,7.83,Pass,Non-IT
khhh,7.33,Pass,Non-IT
khhh,6.44,Pass,Non-IT
khhh,8.5,Pass,Non-IT
khhh,7.73,Pass,Non-IT
ckdl,7.63,Pass,Non-IT
khhh,7.73,Pass,Non-IT
ckdl,5.5,Pass,Non-IT
khhh,8.83,Pass,Non-IT
khhh,7.9,Pass,Non-IT
ckdl,4.0,Fail,Non-IT
cnhh,5.1,Pass,Non-IT
cnmt,3.83,Fail,Non-IT
cnhh,5.13,Pass,Non-IT
cnmt,5.79,Pass,Non-IT
cnhh,6.02,Pass,Non-IT
cnhh,6.29,Pass,Non-IT
cnhh,8.83,Pass,Non-IT
cnmt,4.73,Fail,Non-IT
cnmt,4.79,Fail,Non-IT
cnhh,5.75,Pass,Non-IT
cnhh,6.6,Pass,Non-IT
cnmt,6.52,Pass,Non-IT
cnmt,4.54,Fail,Non-IT
cnhh,7.65,Pass,Non-IT
cnhh,5.06,Pass,Non-IT
cnmt,6.94,Pass,Non-IT
cnhh,3.77,Fail,Non-IT
cnmt,5.71,Pass,Non-IT
ktck,3.5,Fail,Non-IT
cnmt,5.42,Pass,Non-IT
cnhh,4.83,Fail,Non-IT
cnmt,5.79,Pass,Non-IT
vsh,6.46,Pass,Non-IT
cnhh,7.25,Pass,Non-IT
cnhh,6.58,Pass,Non-IT
cnhh,6.85,Pass,Non-IT
cnmt,5.63,Pass,Non-IT
tdh,5.21,Pass,Non-IT
cnmt,4.98,Fail,Non-IT
cnhh,6.9,Pass,Non-IT
cnhh,7.44,Pass,Non-IT
cnhh,5.52,Pass,Non-IT
cnhh,5.71,Pass,Non-IT
cnhh,7.65,Pass,Non-IT
cnmt,3.52,Fail,Non-IT
cnhh,6.25,Pass,Non-IT
cnhh,6.23,Pass,Non-IT
cnhh,5.52,Pass,Non-IT
cnmt,5.29,Pass,Non-IT
cnhh,5.52,Pass,Non-IT
cnhh,2.83,Fail,Non-IT
cnmt,7.4,Pass,Non-IT
cnhh,6.54,Pass,Non-IT
cnmt,4.5,Fail,Non-IT
cnhh,6.6,Pass,Non-IT
cnhh,5.79,Pass,Non-IT
cnhh,6.5,Pass,Non-IT
cnhh,7.5,Pass,Non-IT
cnhh,5.4,Pass,Non-IT
cnmt,5.17,Pass,Non-IT
cnmt,5.1,Pass,Non-IT
cnmt,8.08,Pass,Non-IT
cnmt,6.15,Pass,Non-IT
cnhh,6.27,Pass,Non-IT
cnhh,6.29,Pass,Non-IT
cnhh,7.0,Pass,Non-IT
cnmt,6.71,Pass,Non-IT
cnmt,6.48,Pass,Non-IT
cnot,4.75,Fail,Non-IT
cnot,5.25,Pass,Non-IT
cnot,5.79,Pass,Non-IT
kttt,3.44,Fail,Non-IT
cnxd,5.08,Pass,Non-IT
cnot,8.75,Pass,Non-IT
cnot,8.33,Pass,Non-IT
cnot,6.92,Pass,Non-IT
cnot,4.5,Fail,Non-IT
cnot,6.58,Pass,Non-IT
cnot,8.0,Pass,Non-IT
cnot,6.0,Pass,Non-IT
cnot,5.77,Pass,Non-IT
cnot,4.63,Fail,Non-IT
cnot,5.79,Pass,Non-IT
cnot,5.42,Pass,Non-IT
cnot,8.5,Pass,Non-IT
cnot,7.75,Pass,Non-IT
cnot,5.13,Pass,Non-IT
cnot,6.29,Pass,Non-IT
cnot,5.38,Pass,Non-IT
cnot,4.52,Fail,Non-IT
cnot,6.63,Pass,Non-IT
cnot,6.1,Pass,Non-IT
cnot,5.38,Pass,Non-IT
cnot,7.75,Pass,Non-IT
cnot,6.0,Pass,Non-IT
cnot,5.75,Pass,Non-IT
cnot,4.75,Fail,Non-IT
cnot,3.67,Fail,Non-IT
cnot,5.1,Pass,Non-IT
ddt,8.15,Pass,Non-IT
cnot,5.5,Pass,Non-IT
cnot,4.77,Fail,Non-IT
cnot,5.73,Pass,Non-IT
cnot,6.98,Pass,Non-IT
cnot,8.33,Pass,Non-IT
cnot,5.58,Pass,Non-IT
cnot,5.48,Pass,Non-IT
cnot,7.83,Pass,Non-IT
cnot,6.67,Pass,Non-IT
cnot,6.17,Pass,Non-IT
cnot,6.79,Pass,Non-IT
cnot,4.73,Fail,Non-IT
cnot,7.96,Pass,Non-IT
cnot,6.5,Pass,Non-IT
cnot,8.58,Pass,Non-IT
cnot,5.5,Pass,Non-IT
cnot,7.06,Pass,Non-IT
cnot,4.46,Fail,Non-IT
cnot,7.25,Pass,Non-IT
cnot,7.06,Pass,Non-IT
cnot,8.63,Pass,Non-IT
cnot,7.23,Pass,Non-IT
cnot,7.75,Pass,Non-IT
cnot,6.75,Pass,Non-IT
cnot,5.23,Pass,Non-IT
cnot,6.46,Pass,Non-IT
cnot,7.06,Pass,Non-IT
cnot,8.04,Pass,Non-IT
cnot,6.08,Pass,Non-IT
cnot,7.33,Pass,Non-IT
cnot,6.42,Pass,Non-IT
cnot,6.5,Pass,Non-IT
cnot,6.81,Pass,Non-IT
cnot,5.58,Pass,Non-IT
cnot,5.19,Pass,Non-IT
cnot,4.42,Fail,Non-IT
cnot,6.96,Pass,Non-IT
cnot,5.56,Pass,Non-IT
cnot,5.75,Pass,Non-IT
cnot,6.38,Pass,Non-IT
cnot,7.6,Pass,Non-IT
cnot,6.25,Pass,Non-IT
cnot,8.58,Pass,Non-IT
cnot,7.63,Pass,Non-IT
cnot,6.02,Pass,Non-IT
cnot,7.88,Pass,Non-IT
cnot,5.04,Pass,Non-IT
cnot,8.1,Pass,Non-IT
cnot,5.5,Pass,Non-IT
cnot,6.29,Pass,Non-IT
cnot,5.88,Pass,Non-IT
cnot,2.92,Fail,Non-IT
cnot,7.13,Pass,Non-IT
cnot,4.65,Fail,Non-IT
cnot,6.9,Pass,Non-IT
cnot,5.15,Pass,Non-IT
cnot,6.46,Pass,Non-IT
cnot,4.13,Fail,Non-IT
cnot,5.63,Pass,Non-IT
cnot,4.04,Fail,Non-IT
cnot,7.38,Pass,Non-IT
cnot,6.23,Pass,Non-IT
cnot,3.75,Fail,Non-IT
cnot,8.79,Pass,Non-IT
cnot,6.46,Pass,Non-IT
cnot,4.9,Fail,Non-IT
cnot,6.83,Pass,Non-IT
cnot,4.9,Fail,Non-IT
cnot,7.56,Pass,Non-IT
cnot,7.58,Pass,Non-IT
cnot,8.15,Pass,Non-IT
cnot,5.73,Pass,Non-IT
cnot,3.96,Fail,Non-IT
cnot,7.38,Pass,Non-IT
cnot,5.92,Pass,Non-IT
cnot,3.96,Fail,Non-IT
cnot,7.96,Pass,Non-IT
cnot,6.67,Pass,Non-IT
cnot,7.25,Pass,Non-IT
cnot,4.25,Fail,Non-IT
cnot,7.06,Pass,Non-IT
cnot,3.15,Fail,Non-IT
cnot,8.31,Pass,Non-IT
cnot,7.27,Pass,Non-IT
cnot,3.79,Fail,Non-IT
cnot,6.0,Pass,Non-IT
cnot,6.29,Pass,Non-IT
cnot,6.25,Pass,Non-IT
cnot,7.35,Pass,Non-IT
cnot,5.58,Pass,Non-IT
cnot,6.71,Pass,Non-IT
cnot,8.63,Pass,Non-IT
cnot,5.67,Pass,Non-IT
cnot,4.88,Fail,Non-IT
cnot,6.96,Pass,Non-IT
cnot,6.27,Pass,Non-IT
cnot,8.38,Pass,Non-IT
cnot,7.27,Pass,Non-IT
cnot,5.08,Pass,Non-IT
cnot,5.27,Pass,Non-IT
cnot,9.08,Pass,Non-IT
cnot,8.0,Pass,Non-IT
cnot,5.96,Pass,Non-IT
cnot,8.33,Pass,Non-IT
cnot,7.75,Pass,Non-IT
cnot,8.0,Pass,Non-IT
cnot,4.88,Fail,Non-IT
cnot,8.75,Pass,Non-IT
cnot,4.67,Fail,Non-IT
cnot,5.38,Pass,Non-IT
cnot,3.23,Fail,Non-IT
cnot,4.75,Fail,Non-IT
cnot,5.29,Pass,Non-IT
cnot,5.25,Pass,Non-IT
cnot,5.21,Pass,Non-IT
cnot,5.9,Pass,Non-IT
cnot,8.75,Pass,Non-IT
cnot,7.13,Pass,Non-IT
cnot,4.58,Fail,Non-IT
cnot,6.21,Pass,Non-IT
cnot,7.15,Pass,Non-IT
cnot,5.15,Pass,Non-IT
cnot,5.31,Pass,Non-IT
cnot,7.25,Pass,Non-IT
cnot,6.25,Pass,Non-IT
cnot,6.06,Pass,Non-IT
cnot,6.23,Pass,Non-IT
cnot,6.63,Pass,Non-IT
cnot,6.9,Pass,Non-IT
cnot,7.08,Pass,Non-IT
cnot,9.17,Pass,Non-IT
cnot,9.0,Pass,Non-IT
ctm,4.46,Fail,Non-IT
cnot,6.0,Pass,Non-IT
cnot,7.13,Pass,Non-IT
cnot,7.75,Pass,Non-IT
cnot,7.33,Pass,Non-IT
cnot,5.81,Pass,Non-IT
cnot,6.75,Pass,Non-IT
cnot,8.08,Pass,Non-IT
cnot,7.33,Pass,Non-IT
cnot,7.44,Pass,Non-IT
cnot,5.15,Pass,Non-IT
cnot,6.08,Pass,Non-IT
cnot,8.0,Pass,Non-IT
cnot,9.83,Pass,Non-IT
cnot,5.96,Pass,Non-IT
cnot,6.58,Pass,Non-IT
cnot,6.38,Pass,Non-IT
cnot,6.5,Pass,Non-IT
cnot,8.83,Pass,Non-IT
cnot,4.21,Fail,Non-IT
cnot,6.9,Pass,Non-IT
cnot,8.5,Pass,Non-IT
cnot,6.38,Pass,Non-IT
cnot,8.58,Pass,Non-IT
cnot,5.9,Pass,Non-IT
cnot,6.38,Pass,Non-IT
cntt,6.08,Pass,IT
cntt,7.31,Pass,IT
cnhh,8.13,Pass,Non-IT
cntt,5.56,Pass,IT
cntt,5.6,Pass,IT
cntt,5.08,Pass,IT
cntt,5.08,Pass,IT
cntt,8.25,Pass,IT
cntt,8.65,Pass,IT
cntt,5.08,Pass,IT
cntt,7.71,Pass,IT
cntt,9.56,Pass,IT
cntt,3.98,Fail,IT
cntt,6.48,Pass,IT
cntt,7.73,Pass,IT
cntt,6.71,Pass,IT
cntt,5.9,Pass,IT
cntt,7.33,Pass,IT
cntt,7.31,Pass,IT
cntt,3.9,Fail,IT
cntt,7.46,Pass,IT
cntt,8.65,Pass,IT
cntt,5.23,Pass,IT
cntt,8.75,Pass,IT
cntt,8.4,Pass,IT
cntt,4.58,Fail,IT
cntt,7.06,Pass,IT
cntt,8.81,Pass,IT
cntt,8.31,Pass,IT
cntt,5.4,Pass,IT
cntt,4.65,Fail,IT
cntt,8.81,Pass,IT
cntt,6.21,Pass,IT
cntt,9.5,Pass,IT
cntt,4.21,Fail,IT
cntt,5.13,Pass,IT
cntt,7.06,Pass,IT
cntt,5.21,Pass,IT
cntt,4.54,Fail,IT
cntt,7.73,Pass,IT
cntt,6.06,Pass,IT
cntt,9.13,Pass,IT
cntt,7.98,Pass,IT
cntt,5.15,Pass,IT
cntt,7.31,Pass,IT
cntt,5.0,Pass,IT
cntt,9.38,Pass,IT
cntt,7.73,Pass,IT
cntt,9.13,Pass,IT
cntt,7.4,Pass,IT
cntt,7.06,Pass,IT
cntt,5.15,Pass,IT
cntt,4.73,Fail,IT
cntt,5.29,Pass,IT
cntt,4.33,Fail,IT
cntt,4.75,Fail,IT
cntt,5.65,Pass,IT
cntt,6.5,Pass,IT
cntt,5.25,Pass,IT
cntt,5.54,Pass,IT
cntt,4.52,Fail,IT
cntt,5.75,Pass,IT
cntt,3.56,Fail,IT
cntt,9.06,Pass,IT
cntt,2.54,Fail,IT
cntt,6.27,Pass,IT
cntt,5.98,Pass,IT
cntt,7.35,Pass,IT
cntt,7.25,Pass,IT
cntt,7.9,Pass,IT
cntt,7.25,Pass,IT
cntt,5.71,Pass,IT
cntt,4.9,Fail,IT
cntt,6.85,Pass,IT
cntt,4.6,Fail,IT
cntt,7.52,Pass,IT
cntt,4.23,Fail,IT
cntt,8.5,Pass,IT
cntt,6.9,Pass,IT
cntt,8.63,Pass,IT
cntt,5.31,Pass,IT
cntt,5.54,Pass,IT
cntt,5.65,Pass,IT
cntt,7.06,Pass,IT
cntt,7.4,Pass,IT
cntt,5.63,Pass,IT
cntt,5.0,Pass,IT
cntt,5.23,Pass,IT
cntt,5.54,Pass,IT
cntt,9.15,Pass,IT
cntt,7.29,Pass,IT
cntt,6.06,Pass,IT
cntt,4.85,Fail,IT
cntt,5.96,Pass,IT
cntt,5.96,Pass,IT
cntt,7.9,Pass,IT
cntt,5.79,Pass,IT
cntt,6.38,Pass,IT
cntt,6.9,Pass,IT
cntt,8.06,Pass,IT
cntt,8.38,Pass,IT
cntt,8.31,Pass,IT
cntt,4.96,Fail,IT
cntt,8.31,Pass,IT
cntt,9.75,Pass,IT
cntt,7.33,Pass,IT
cntt,7.15,Pass,IT
cntt,7.71,Pass,IT
cntt,6.04,Pass,IT
cntt,5.79,Pass,IT
cntt,8.38,Pass,IT
cntt,7.08,Pass,IT
cntt,6.23,Pass,IT
cntt,6.54,Pass,IT
cntt,4.06,Fail,IT
cntt,7.4,Pass,IT
cntt,3.9,Fail,IT
cntt,7.33,Pass,IT
cntt,7.33,Pass,IT
cntt,6.1,Pass,IT
cntt,4.38,Fail,IT
cntt,3.65,Fail,IT
cntt,5.88,Pass,IT
cntt,4.06,Fail,IT
cntt,9.0,Pass,IT
cntt,5.35,Pass,IT
cntt,7.56,Pass,IT
cntt,6.46,Pass,IT
cntt,2.81,Fail,IT
cntt,4.71,Fail,IT
cntt,6.58,Pass,IT
cntt,8.5,Pass,IT
cntt,7.25,Pass,IT
cntt,7.23,Pass,IT
cntt,7.06,Pass,IT
cntt,4.25,Fail,IT
cntt,7.0,Pass,IT
cntt,4.48,Fail,IT
cntt,7.0,Pass,IT
cntt,7.9,Pass,IT
cntt,8.38,Pass,IT
cntt,8.56,Pass,IT
cntt,5.5,Pass,IT
cntt,9.06,Pass,IT
cntt,9.13,Pass,IT
cntt,7.71,Pass,IT
cntt,9.58,Pass,IT
cntt,6.35,Pass,IT
cntt,8.75,Pass,IT
cntt,6.46,Pass,IT
cnot,3.65,Fail,Non-IT
cntt,5.54,Pass,IT
cntt,8.31,Pass,IT
cntt,6.98,Pass,IT
cntt,8.13,Pass,IT
cntt,7.98,Pass,IT
cntt,7.65,Pass,IT
cntt,4.31,Fail,IT
cntt,7.1,Pass,IT
cntt,5.9,Pass,IT
cntt,8.75,Pass,IT
cntt,5.48,Pass,IT
cntt,6.9,Pass,IT
cntt,6.81,Pass,IT
cntt,9.5,Pass,IT
cntt,8.06,Pass,IT
cntt,7.56,Pass,IT
kte,6.81,Pass,Non-IT
cntt,8.71,Pass,IT
cntt,6.83,Pass,IT
cntt,8.0,Pass,IT
cntt,7.46,Pass,IT
cntt,6.04,Pass,IT
cntt,6.56,Pass,IT
cntt,8.56,Pass,IT
cntt,6.81,Pass,IT
cntt,7.88,Pass,IT
cntt,4.1,Fail,IT
cntt,5.04,Pass,IT
cntt,8.33,Pass,IT
cntt,7.4,Pass,IT
cntt,7.38,Pass,IT
cntt,9.56,Pass,IT
cntt,8.52,Pass,IT
cntt,7.5,Pass,IT
cntt,5.75,Pass,IT
cntt,4.54,Fail,IT
cntt,7.15,Pass,IT
cntt,5.33,Pass,IT
cntt,8.25,Pass,IT
cntt,8.81,Pass,IT
cntt,7.63,Pass,IT
cntt,5.81,Pass,IT
cntt,6.58,Pass,IT
cntt,6.25,Pass,IT
cntt,3.81,Fail,IT
cntt,6.65,Pass,IT
cntt,6.81,Pass,IT
cntt,6.65,Pass,IT
cntt,3.88,Fail,IT
cntt,7.4,Pass,IT
cntt,7.4,Pass,IT
cntt,8.81,Pass,IT
cntt,4.48,Fail,IT
cntt,3.71,Fail,IT
cntt,6.23,Pass,IT
cntt,7.33,Pass,IT
cntt,7.15,Pass,IT
cntt,8.65,Pass,IT
cntt,6.1,Pass,IT
cntt,9.5,Pass,IT
cntt,7.35,Pass,IT
cntt,9.0,Pass,IT
cntt,7.71,Pass,IT
cntt,6.08,Pass,IT
cntt,8.06,Pass,IT
ckts,7.88,Pass,Non-IT
cntt,8.13,Pass,IT
ckts,6.75,Pass,Non-IT
ckts,5.83,Pass,Non-IT
ckts,7.77,Pass,Non-IT
ckts,7.58,Pass,Non-IT
ckts,6.6,Pass,Non-IT
cntt,7.44,Pass,IT
cntt,7.35,Pass,IT
ckts,8.0,Pass,Non-IT
cntt,8.71,Pass,IT
ckts,5.96,Pass,Non-IT
cntt,8.06,Pass,IT
ckts,8.4,Pass,Non-IT
ckts,7.83,Pass,Non-IT
ckts,6.27,Pass,Non-IT
cntt,6.58,Pass,IT
cntt,7.06,Pass,IT
ckts,9.25,Pass,Non-IT
cntt,6.9,Pass,IT
ckts,7.15,Pass,Non-IT
cntt,9.0,Pass,IT
cntt,5.79,Pass,IT
cntt,5.0,Pass,IT
cnxd,6.52,Pass,Non-IT
cnxd,4.75,Fail,Non-IT
cnxd,5.88,Pass,Non-IT
cnxd,5.42,Pass,Non-IT
cnxd,6.27,Pass,Non-IT
cnxd,6.21,Pass,Non-IT
cnxd,7.81,Pass,Non-IT
cnxd,6.88,Pass,Non-IT
cnxd,4.96,Fail,Non-IT
cnxd,6.46,Pass,Non-IT
cnxd,4.02,Fail,Non-IT
cnxd,3.83,Fail,Non-IT
cnxd,4.9,Fail,Non-IT
cnxd,7.21,Pass,Non-IT
cnxd,6.71,Pass,Non-IT
cnxd,8.88,Pass,Non-IT
cnxd,7.08,Pass,Non-IT
cnxd,6.79,Pass,Non-IT
cnxd,5.94,Pass,Non-IT
cnxd,7.0,Pass,Non-IT
cnxd,5.21,Pass,Non-IT
cnxd,5.73,Pass,Non-IT
cnxd,3.02,Fail,Non-IT
cnxd,5.73,Pass,Non-IT
cnxd,5.46,Pass,Non-IT
cnxd,4.21,Fail,Non-IT
cnxd,8.29,Pass,Non-IT
cnxd,5.67,Pass,Non-IT
cnxd,5.02,Pass,Non-IT
cnxd,5.21,Pass,Non-IT
cnxd,4.1,Fail,Non-IT
cnxd,2.6,Fail,Non-IT
cnxd,5.6,Pass,Non-IT
cnxd,4.21,Fail,Non-IT
cnxd,3.31,Fail,Non-IT
cnxd,4.73,Fail,Non-IT
cnxd,3.35,Fail,Non-IT
cnxd,5.19,Pass,Non-IT
cnxd,7.73,Pass,Non-IT
cnxd,6.33,Pass,Non-IT
cnxd,7.63,Pass,Non-IT
cnxd,6.1,Pass,Non-IT
cnxd,4.58,Fail,Non-IT
cnxd,5.69,Pass,Non-IT
cnxd,5.5,Pass,Non-IT
cnxd,6.52,Pass,Non-IT
cnxd,4.58,Fail,Non-IT
cnxd,3.46,Fail,Non-IT
cnxd,5.71,Pass,Non-IT
cnxd,8.75,Pass,Non-IT
cnxd,5.54,Pass,Non-IT
cnxd,6.77,Pass,Non-IT
cnxd,7.52,Pass,Non-IT
cnxd,6.17,Pass,Non-IT
cnxd,5.96,Pass,Non-IT
cnxd,4.96,Fail,Non-IT
cnxd,3.67,Fail,Non-IT
cnxd,4.58,Fail,Non-IT
cnxd,7.81,Pass,Non-IT
cnxd,5.25,Pass,Non-IT
cnxd,4.54,Fail,Non-IT
cnxd,4.21,Fail,Non-IT
cnxd,6.69,Pass,Non-IT
cnxd,5.17,Pass,Non-IT
cnxd,3.65,Fail,Non-IT
cnxd,5.9,Pass,Non-IT
cnxd,4.67,Fail,Non-IT
cnxd,5.0,Pass,Non-IT
cnxd,6.1,Pass,Non-IT
khhh,7.75,Pass,Non-IT
khhh,5.65,Pass,Non-IT
khhh,7.06,Pass,Non-IT
khhh,7.75,Pass,Non-IT
ctm,5.04,Pass,Non-IT
ctm,8.06,Pass,Non-IT
khhh,2.71,Fail,Non-IT
khhh,6.06,Pass,Non-IT
ctm,3.54,Fail,Non-IT
khhh,9.5,Pass,Non-IT
ctm,5.0,Pass,Non-IT
ctm,4.1,Fail,Non-IT
khhh,7.75,Pass,Non-IT
ctm,7.25,Pass,Non-IT
khhh,7.0,Pass,Non-IT
khhh,8.08,Pass,Non-IT
ctm,7.81,Pass,Non-IT
khhh,8.15,Pass,Non-IT
khhh,8.0,Pass,Non-IT
ctm,3.4,Fail,Non-IT
ctm,4.9,Fail,Non-IT
khhh,8.25,Pass,Non-IT
khhh,7.58,Pass,Non-IT
ctm,4.25,Fail,Non-IT
khhh,5.27,Pass,Non-IT
khhh,6.25,Pass,Non-IT
khhh,8.08,Pass,Non-IT
ctm,5.0,Pass,Non-IT
ctm,5.23,Pass,Non-IT
khhh,10.0,Pass,Non-IT
khhh,4.73,Fail,Non-IT
ctm,7.31,Pass,Non-IT
khhh,8.33,Pass,Non-IT
khhh,4.73,Fail,Non-IT
ctm,4.15,Fail,Non-IT
khhh,8.0,Pass,Non-IT
khhh,7.63,Pass,Non-IT
ctm,4.25,Fail,Non-IT
khhh,6.56,Pass,Non-IT
ctm,5.17,Pass,Non-IT
ctm,5.4,Pass,Non-IT
khhh,4.67,Fail,Non-IT
khhh,6.46,Pass,Non-IT
ctm,3.65,Fail,Non-IT
khhh,8.88,Pass,Non-IT
khhh,5.33,Pass,Non-IT
ctm,4.5,Fail,Non-IT
khhh,8.25,Pass,Non-IT
ctm,4.23,Fail,Non-IT
khhh,4.08,Fail,Non-IT
khhh,6.31,Pass,Non-IT
ctm,3.4,Fail,Non-IT
khhh,6.67,Pass,Non-IT
ctm,6.65,Pass,Non-IT
khhh,7.06,Pass,Non-IT
khhh,4.79,Fail,Non-IT
khhh,5.65,Pass,Non-IT
khhh,6.4,Pass,Non-IT
khhh,6.83,Pass,Non-IT
ctm,3.98,Fail,Non-IT
khhh,5.46,Pass,Non-IT
ctm,3.21,Fail,Non-IT
khhh,5.0,Pass,Non-IT
khhh,8.31,Pass,Non-IT
khhh,6.48,Pass,Non-IT
ctm,3.21,Fail,Non-IT
khhh,6.9,Pass,Non-IT
khhh,4.81,Fail,Non-IT
khhh,6.06,Pass,Non-IT
ctm,5.15,Pass,Non-IT
khhh,7.58,Pass,Non-IT
ctm,7.9,Pass,Non-IT
khhh,4.9,Fail,Non-IT
khhh,5.5,Pass,Non-IT
khhh,6.65,Pass,Non-IT
ctm,5.0,Pass,Non-IT
ctm,4.15,Fail,Non-IT
ctm,8.88,Pass,Non-IT
khhh,5.65,Pass,Non-IT
ddt,3.6,Fail,Non-IT
ddt,5.38,Pass,Non-IT
ddt,5.27,Pass,Non-IT
ddt,3.88,Fail,Non-IT
ddt,5.13,Pass,Non-IT
ddt,5.13,Pass,Non-IT
ddt,3.67,Fail,Non-IT
ddt,3.52,Fail,Non-IT
ddt,5.13,Pass,Non-IT
ddt,2.67,Fail,Non-IT
ddt,5.54,Pass,Non-IT
ddt,4.46,Fail,Non-IT
ddt,4.4,Fail,Non-IT
ddt,4.73,Fail,Non-IT
ddt,2.75,Fail,Non-IT
ddt,3.6,Fail,Non-IT
ddt,3.96,Fail,Non-IT
ddt,5.21,Pass,Non-IT
ddt,3.96,Fail,Non-IT
ddt,3.06,Fail,Non-IT
ddt,4.08,Fail,Non-IT
ddt,4.19,Fail,Non-IT
ddt,7.33,Pass,Non-IT
ddt,5.13,Pass,Non-IT
ddt,5.88,Pass,Non-IT
ddt,2.63,Fail,Non-IT
ddt,4.5,Fail,Non-IT
ddt,3.92,Fail,Non-IT
ddt,7.23,Pass,Non-IT
ddt,6.77,Pass,Non-IT
ddt,4.88,Fail,Non-IT
ddt,5.13,Pass,Non-IT
ddt,7.56,Pass,Non-IT
ddt,5.15,Pass,Non-IT
ddt,3.96,Fail,Non-IT
ddt,4.04,Fail,Non-IT
ktck,4.35,Fail,Non-IT
ddt,3.29,Fail,Non-IT
cnnl,4.38,Fail,Non-IT
ddt,4.29,Fail,Non-IT
ddt,5.46,Pass,Non-IT
ddt,3.13,Fail,Non-IT
ddt,5.08,Pass,Non-IT
ddt,3.96,Fail,Non-IT
ddt,4.65,Fail,Non-IT
ddt,3.63,Fail,Non-IT
ddt,4.83,Fail,Non-IT
ddt,3.75,Fail,Non-IT
ddt,4.88,Fail,Non-IT
ddt,4.88,Fail,Non-IT
ddt,5.63,Pass,Non-IT
ddt,5.29,Pass,Non-IT
ddt,3.71,Fail,Non-IT
ddt,5.15,Pass,Non-IT
ddt,2.9,Fail,Non-IT
ddt,4.71,Fail,Non-IT
ddt,5.23,Pass,Non-IT
ddt,7.88,Pass,Non-IT
ddt,5.88,Pass,Non-IT
ddt,5.54,Pass,Non-IT
ddt,6.08,Pass,Non-IT
ddt,4.75,Fail,Non-IT
ddt,5.4,Pass,Non-IT
ddt,8.31,Pass,Non-IT
ddt,7.5,Pass,Non-IT
ddt,4.67,Fail,Non-IT
ddt,4.13,Fail,Non-IT
ddt,7.17,Pass,Non-IT
ddt,8.67,Pass,Non-IT
ddt,5.33,Pass,Non-IT
ddt,7.92,Pass,Non-IT
ddt,7.83,Pass,Non-IT
ddt,4.79,Fail,Non-IT
ddt,5.92,Pass,Non-IT
ddt,6.21,Pass,Non-IT
ddt,7.4,Pass,Non-IT
ddt,5.29,Pass,Non-IT
ddt,5.73,Pass,Non-IT
ddt,7.92,Pass,Non-IT
ddt,5.33,Pass,Non-IT
ddt,5.65,Pass,Non-IT
ddt,5.42,Pass,Non-IT
ddt,5.73,Pass,Non-IT
ddt,8.25,Pass,Non-IT
ddt,4.0,Fail,Non-IT
ddt,4.88,Fail,Non-IT
ddt,7.21,Pass,Non-IT
ddt,5.27,Pass,Non-IT
ddt,5.06,Pass,Non-IT
ddt,8.38,Pass,Non-IT
ddt,5.79,Pass,Non-IT
ddt,4.73,Fail,Non-IT
ddt,8.17,Pass,Non-IT
ddt,6.33,Pass,Non-IT
cnnl,7.33,Pass,Non-IT
ddt,5.83,Pass,Non-IT
ddt,6.63,Pass,Non-IT
ddt,6.33,Pass,Non-IT
ddt,3.48,Fail,Non-IT
ddt,4.1,Fail,Non-IT
ddt,8.4,Pass,Non-IT
ddt,5.23,Pass,Non-IT
ddt,6.96,Pass,Non-IT
ddt,4.75,Fail,Non-IT
ddt,7.0,Pass,Non-IT
ddt,6.25,Pass,Non-IT
khhh,5.75,Pass,Non-IT
khhh,8.71,Pass,Non-IT
khhh,9.13,Pass,Non-IT
khhh,6.08,Pass,Non-IT
khhh,7.17,Pass,Non-IT
khhh,5.25,Pass,Non-IT
khhh,8.25,Pass,Non-IT
khhh,5.96,Pass,Non-IT
khhh,8.04,Pass,Non-IT
khhh,4.21,Fail,Non-IT
khhh,7.08,Pass,Non-IT
khhh,6.27,Pass,Non-IT
khhh,6.25,Pass,Non-IT
khhh,9.5,Pass,Non-IT
khhh,5.88,Pass,Non-IT
khhh,4.94,Fail,Non-IT
khhh,8.5,Pass,Non-IT
khhh,8.65,Pass,Non-IT
khhh,5.42,Pass,Non-IT
khhh,4.85,Fail,Non-IT
khhh,4.17,Fail,Non-IT
khhh,6.71,Pass,Non-IT
khhh,5.58,Pass,Non-IT
khhh,5.31,Pass,Non-IT
khhh,4.79,Fail,Non-IT
khhh,6.42,Pass,Non-IT
khhh,5.71,Pass,Non-IT
khhh,3.83,Fail,Non-IT
khhh,7.42,Pass,Non-IT
khhh,7.58,Pass,Non-IT
khhh,4.46,Fail,Non-IT
khhh,8.21,Pass,Non-IT
khhh,7.65,Pass,Non-IT
khhh,7.08,Pass,Non-IT
cntt,6.67,Pass,IT
khhh,8.25,Pass,Non-IT
khhh,5.6,Pass,Non-IT
khhh,4.98,Fail,Non-IT
khhh,7.17,Pass,Non-IT
khhh,7.25,Pass,Non-IT
khhh,4.83,Fail,Non-IT
khhh,5.5,Pass,Non-IT
khhh,4.21,Fail,Non-IT
khhh,5.65,Pass,Non-IT
khhh,5.6,Pass,Non-IT
khhh,8.27,Pass,Non-IT
khhh,2.96,Fail,Non-IT
khhh,6.73,Pass,Non-IT
khhh,7.08,Pass,Non-IT
khhh,6.83,Pass,Non-IT
khhh,4.79,Fail,Non-IT
khhh,3.67,Fail,Non-IT
khmt,9.06,Pass,IT
khmt,7.88,Pass,IT
khmt,10.0,Pass,IT
khmt,5.58,Pass,IT
khmt,5.83,Pass,IT
khmt,7.08,Pass,IT
khmt,6.21,Pass,IT
khmt,4.29,Fail,IT
khmt,3.52,Fail,IT
khmt,6.9,Pass,IT
khmt,5.6,Pass,IT
khmt,7.58,Pass,IT
khmt,5.46,Pass,IT
khmt,4.56,Fail,IT
khmt,6.65,Pass,IT
khmt,4.27,Fail,IT
khmt,5.81,Pass,IT
khmt,2.9,Fail,IT
khmt,7.63,Pass,IT
khmt,2.81,Fail,IT
khmt,6.83,Pass,IT
khmt,8.13,Pass,IT
khmt,8.0,Pass,IT
khmt,4.17,Fail,IT
khmt,6.65,Pass,IT
ddt,6.9,Pass,Non-IT
khmt,5.02,Pass,IT
khmt,7.75,Pass,IT
khmt,6.56,Pass,IT
khmt,7.25,Pass,IT
khmt,6.54,Pass,IT
khmt,6.31,Pass,IT
khmt,7.58,Pass,IT
khmt,8.4,Pass,IT
khmt,6.65,Pass,IT
khmt,7.88,Pass,IT
khmt,5.98,Pass,IT
khmt,8.21,Pass,IT
khmt,5.65,Pass,IT
khmt,7.21,Pass,IT
khmt,7.75,Pass,IT
khmt,7.65,Pass,IT
khmt,6.67,Pass,IT
khmt,8.38,Pass,IT
khmt,6.88,Pass,IT
khmt,7.13,Pass,IT
khmt,9.06,Pass,IT
khmt,6.75,Pass,IT
khmt,9.31,Pass,IT
khmt,7.83,Pass,IT
khmt,9.81,Pass,IT
khmt,6.4,Pass,IT
khmt,5.71,Pass,IT
khmt,8.31,Pass,IT
khmt,6.75,Pass,IT
khmt,6.21,Pass,IT
khmt,5.48,Pass,IT
khmt,9.56,Pass,IT
khmt,9.81,Pass,IT
khmt,6.56,Pass,IT
khmt,4.46,Fail,IT
ktck,2.9,Fail,Non-IT
ktck,3.96,Fail,Non-IT
ktck,4.96,Fail,Non-IT
ktck,6.75,Pass,Non-IT
ktck,5.48,Pass,Non-IT
ktck,8.4,Pass,Non-IT
ktck,6.23,Pass,Non-IT
ktck,4.48,Fail,Non-IT
ktck,7.13,Pass,Non-IT
ktck,6.58,Pass,Non-IT
ktck,7.4,Pass,Non-IT
ktck,4.42,Fail,Non-IT
ktck,7.25,Pass,Non-IT
ktck,5.0,Pass,Non-IT
ktck,7.5,Pass,Non-IT
ktck,8.08,Pass,Non-IT
ktck,6.75,Pass,Non-IT
ktck,7.08,Pass,Non-IT
ktck,5.56,Pass,Non-IT
ktck,7.25,Pass,Non-IT
ktck,4.81,Fail,Non-IT
ktck,6.08,Pass,Non-IT
ktck,4.21,Fail,Non-IT
ktck,6.71,Pass,Non-IT
ktck,4.71,Fail,Non-IT
cntt,8.08,Pass,IT
ktck,7.23,Pass,Non-IT
ktck,7.75,Pass,Non-IT
ktck,5.15,Pass,Non-IT
ktck,5.75,Pass,Non-IT
ktck,7.81,Pass,Non-IT
ktck,9.0,Pass,Non-IT
ktck,5.31,Pass,Non-IT
ktck,5.75,Pass,Non-IT
ktck,7.17,Pass,Non-IT
ktck,6.5,Pass,Non-IT
ktck,5.29,Pass,Non-IT
ktck,7.4,Pass,Non-IT
ktck,5.96,Pass,Non-IT
ktck,6.79,Pass,Non-IT
ktck,5.5,Pass,Non-IT
ktck,6.33,Pass,Non-IT
ktck,6.15,Pass,Non-IT
ktck,8.5,Pass,Non-IT
ktck,6.06,Pass,Non-IT
ktck,7.56,Pass,Non-IT
ktck,5.65,Pass,Non-IT
ktck,6.08,Pass,Non-IT
ktck,5.04,Pass,Non-IT
ktck,5.25,Pass,Non-IT
ktck,6.46,Pass,Non-IT
ktck,5.81,Pass,Non-IT
ktck,6.79,Pass,Non-IT
ktck,8.0,Pass,Non-IT
ktck,4.33,Fail,Non-IT
ktck,6.25,Pass,Non-IT
ktck,7.19,Pass,Non-IT
ktck,8.58,Pass,Non-IT
ktck,6.35,Pass,Non-IT
ktck,6.25,Pass,Non-IT
ktck,4.58,Fail,Non-IT
cbts,5.31,Pass,Non-IT
ckdl,5.38,Pass,Non-IT
ktck,4.77,Fail,Non-IT
ktck,2.29,Fail,Non-IT
ktck,7.65,Pass,Non-IT
ktck,4.33,Fail,Non-IT
ktck,7.58,Pass,Non-IT
ktck,6.65,Pass,Non-IT
ktck,7.25,Pass,Non-IT
ktck,5.67,Pass,Non-IT
ktck,7.06,Pass,Non-IT
ktck,5.4,Pass,Non-IT
ktck,3.71,Fail,Non-IT
ktck,4.71,Fail,Non-IT
ktck,4.65,Fail,Non-IT
ktck,7.02,Pass,Non-IT
cnot,8.0,Pass,Non-IT
ktck,6.23,Pass,Non-IT
ktck,4.21,Fail,Non-IT
ktck,7.08,Pass,Non-IT
ktck,4.31,Fail,Non-IT
ktck,6.33,Pass,Non-IT
ktck,9.75,Pass,Non-IT
ktck,3.81,Fail,Non-IT
ktck,6.65,Pass,Non-IT
ktck,7.08,Pass,Non-IT
ktck,4.4,Fail,Non-IT
ktck,7.04,Pass,Non-IT
ktck,5.5,Pass,Non-IT
ktck,5.46,Pass,Non-IT
ktck,7.81,Pass,Non-IT
ktck,4.06,Fail,Non-IT
ktck,5.15,Pass,Non-IT
ktck,4.9,Fail,Non-IT
ktck,7.79,Pass,Non-IT
ktck,4.15,Fail,Non-IT
ktck,5.42,Pass,Non-IT
ktck,7.48,Pass,Non-IT
ktck,4.79,Fail,Non-IT
ktck,5.5,Pass,Non-IT
ktck,5.35,Pass,Non-IT
ktck,4.73,Fail,Non-IT
ktck,3.65,Fail,Non-IT
ktck,2.65,Fail,Non-IT
ktck,6.73,Pass,Non-IT
ktck,6.08,Pass,Non-IT
ktck,8.65,Pass,Non-IT
ktck,6.67,Pass,Non-IT
ktck,5.21,Pass,Non-IT
ktck,6.71,Pass,Non-IT
ktck,4.9,Fail,Non-IT
ktck,7.75,Pass,Non-IT
ktck,7.02,Pass,Non-IT
ktck,3.88,Fail,Non-IT
ktck,4.96,Fail,Non-IT
ktck,4.04,Fail,Non-IT
ktck,6.83,Pass,Non-IT
ktck,7.31,Pass,Non-IT
ktck,5.98,Pass,Non-IT
ktck,3.98,Fail,Non-IT
ktck,6.06,Pass,Non-IT
cnxd,5.56,Pass,Non-IT
ktck,4.38,Fail,Non-IT
cntt,6.38,Pass,IT
tdh,9.75,Pass,Non-IT
tdh,6.58,Pass,Non-IT
tdh,6.71,Pass,Non-IT
tdh,4.23,Fail,Non-IT
tdh,4.67,Fail,Non-IT
tdh,3.46,Fail,Non-IT
cntt,7.88,Pass,IT
tdh,2.96,Fail,Non-IT
tdh,3.17,Fail,Non-IT
tdh,3.79,Fail,Non-IT
khhh,4.38,Fail,Non-IT
tdh,7.17,Pass,Non-IT
tdh,5.17,Pass,Non-IT
tdh,4.75,Fail,Non-IT
tdh,6.25,Pass,Non-IT
tdh,5.35,Pass,Non-IT
tdh,5.19,Pass,Non-IT
tdh,2.29,Fail,Non-IT
tdh,8.5,Pass,Non-IT
tdh,3.92,Fail,Non-IT
tdh,6.21,Pass,Non-IT
tdh,5.83,Pass,Non-IT
tdh,4.25,Fail,Non-IT
tdh,3.65,Fail,Non-IT
tdh,6.5,Pass,Non-IT
tdh,5.0,Pass,Non-IT
tdh,4.27,Fail,Non-IT
tdh,5.44,Pass,Non-IT
tdh,7.27,Pass,Non-IT
tdh,2.92,Fail,Non-IT
tdh,6.38,Pass,Non-IT
tdh,7.25,Pass,Non-IT
tdh,4.29,Fail,Non-IT
tdh,5.67,Pass,Non-IT
tdh,3.71,Fail,Non-IT
tdh,5.13,Pass,Non-IT
tdh,4.54,Fail,Non-IT
tdh,4.58,Fail,Non-IT
tdh,4.54,Fail,Non-IT
tdh,5.33,Pass,Non-IT
tdh,4.5,Fail,Non-IT
tdh,9.5,Pass,Non-IT
tdh,4.29,Fail,Non-IT
tdh,5.04,Pass,Non-IT
tdh,6.9,Pass,Non-IT
tdh,9.06,Pass,Non-IT
tdh,4.1,Fail,Non-IT
tdh,4.29,Fail,Non-IT
tdh,4.9,Fail,Non-IT
tdh,5.73,Pass,Non-IT
tdh,4.13,Fail,Non-IT
tdh,5.94,Pass,Non-IT
khhh,4.46,Fail,Non-IT
tdh,5.21,Pass,Non-IT
tdh,6.0,Pass,Non-IT
tdh,5.23,Pass,Non-IT
tdh,5.15,Pass,Non-IT
cdt,4.71,Fail,Non-IT
tdh,4.33,Fail,Non-IT
tdh,5.46,Pass,Non-IT
tdh,3.67,Fail,Non-IT
tdh,2.77,Fail,Non-IT
tdh,4.42,Fail,Non-IT
tdh,4.13,Fail,Non-IT
tdh,4.81,Fail,Non-IT
tdh,9.38,Pass,Non-IT
tdh,4.38,Fail,Non-IT
tdh,3.69,Fail,Non-IT
tdh,4.5,Fail,Non-IT
tdh,7.06,Pass,Non-IT
tdh,4.21,Fail,Non-IT
ktck,5.71,Pass,Non-IT
ttql,8.83,Pass,IT
ttql,8.5,Pass,IT
ttql,9.0,Pass,IT
ttql,9.25,Pass,IT
ttql,10.0,Pass,IT
ttql,9.25,Pass,IT
ttql,9.5,Pass,IT
ttql,9.25,Pass,IT
ttql,8.75,Pass,IT
ttql,6.15,Pass,IT
ttql,9.0,Pass,IT
ttql,8.83,Pass,IT
ttql,7.5,Pass,IT
ttql,9.0,Pass,IT
ttql,8.5,Pass,IT
ttql,9.08,Pass,IT
ttql,5.38,Pass,IT
ttql,8.25,Pass,IT
ttql,6.25,Pass,IT
ttql,6.75,Pass,IT
ttql,9.25,Pass,IT
ttql,6.25,Pass,IT
ttql,8.58,Pass,IT
ttql,5.04,Pass,IT
ttql,8.42,Pass,IT
ttql,8.25,Pass,IT
ttql,7.0,Pass,IT
ttql,8.33,Pass,IT
ttql,5.94,Pass,IT
ttql,7.58,Pass,IT
ttql,7.13,Pass,IT
ttql,6.25,Pass,IT
ttql,3.33,Fail,IT
ttql,3.33,Fail,IT
ttql,9.0,Pass,IT
ttql,4.52,Fail,IT
ttql,5.13,Pass,IT
ttql,8.75,Pass,IT
ttql,6.69,Pass,IT
ttql,3.1,Fail,IT
ttql,5.5,Pass,IT
ttql,6.63,Pass,IT
ttql,8.56,Pass,IT
ttql,5.75,Pass,IT
ttql,9.0,Pass,IT
ttql,8.75,Pass,IT
ttql,7.33,Pass,IT
ttql,9.5,Pass,IT
ttql,4.0,Fail,IT
ttql,4.79,Fail,IT
